Old Name,New Name
1732963294444-modified.png,file_1_image.png
1732963294444.jpg,file_2_image.jpg
5032112b-f506-4e0f-bbb0-f571ae7d0e37_removalai_preview.png,file_3_image.png
"6 Nov, 11.50 pm_.m4a",file_4_audio.m4a
"6 Nov, 11.55 pm_.m4a",file_5_audio.m4a
"6 Nov, 11.56 pm_.m4a",file_6_audio.m4a
"6 Nov, 11.58 pm_.m4a",file_7_audio.m4a
"7 Nov, 12.03 am_.m4a",file_8_audio.m4a
"7 Nov, 12.06 am_(2).m4a",file_9_audio.m4a
"7 Nov, 12.06 am_(3).m4a",file_10_audio.m4a
"7 Nov, 12.11 am_.m4a",file_11_audio.m4a
"7 Nov, 12.12 am_.m4a",file_12_audio.m4a
"7 Nov, 12.13 am_.m4a",file_13_audio.m4a
"7 Nov, 12.19 am_(2).m4a",file_14_audio.m4a
"7 Nov, 12.20 am_.m4a",file_15_audio.m4a
aclImdb_v1.tar.gz,file_16_application.gz
air+quality.zip,file_17_application.zip
AJR - World's Smallest Violin (Official Video).mp3,file_18_audio.mp3
Anaconda3-2025.06-0-Windows-x86_64.exe,file_19_application.exe
arduino-ide_2.3.4_Windows_64bit.exe,file_20_application.exe
Ass2_2025 (1).docx,file_21_application.docx
Ass2_2025.docx,file_22_application.docx
Atharav Tripathi file.pdf,file_23_application.pdf
aye-aye - Made with Clipchamp.mp4,file_24_video.mp4
aye-aye-1.jpg,file_25_image.jpg
ben10_circuit (1).asc,file_26_application.asc
ben10_circuit.asc,file_27_application.asc
Bharatiya Antariksh Hackathon 2025 Idea Submission PPT.pptx,file_28_application.pptx
blender-3.4.0-windows-x64.msix,file_29_UNKNOWN.msix
blender_meme - Made with Clipchamp.mp4,file_30_video.mp4
camera_dataset(1).csv,file_31_application.csv
camera_dataset.csv,file_32_application.csv
Cargo.zip,file_33_application.zip
carpet pattern.py,file_34_text.py
ChromeSetup.exe,file_35_application.exe
cps (online-video-cutter.com).mp4,file_36_video.mp4
CPS Brochure.pdf,file_37_application.pdf
cps workshop - Made with Clipchamp (1) (online-video-cutter.com).mp4,file_38_video.mp4
cps workshop - Made with Clipchamp (1).mp4,file_39_video.mp4
cps workshop - Made with Clipchamp (online-video-cutter.com).mp4,file_40_video.mp4
cps workshop - Made with Clipchamp.mp4,file_41_video.mp4
CPS workshop.mp4,file_42_video.mp4
cps.mp4,file_43_video.mp4
cyber workshop - Made with Clipchamp (1) (online-video-cutter.com) (1).mp4,file_44_video.mp4
cyber workshop - Made with Clipchamp (1) (online-video-cutter.com) (2).mp4,file_45_video.mp4
cyber workshop - Made with Clipchamp (1) (online-video-cutter.com).mp4,file_46_video.mp4
cyber workshop - Made with Clipchamp (1).mp4,file_47_video.mp4
cyber workshop - Made with Clipchamp.mp4,file_48_video.mp4
"DALL路E 2025-02-06 13.26.00 - A sleek, futuristic pair of smart glasses with a transparent display lens. The glasses have slightly thick side arms housing small cameras and sensors.webp",file_49_UNKNOWN.webp
DALL路E 2025-02-06 13.28.15 - A collection of four different futuristic smart glasses designs. Each pair features transparent display lenses with slight variations in shape and sty.webp,file_50_UNKNOWN.webp
"DALL路E 2025-02-06 13.44.37 - A sleek, modern logo for a tech team named 'Eagle Eye' working on smart glasses. The logo features a stylized eagle with sharp, angular lines represen.webp",file_51_UNKNOWN.webp
"DALL路E 2025-02-06 14.17.58 - A futuristic logo for a company named 'Eagle Eye' that designs smart glasses. The logo should feature a sleek, modern eagle head integrated with an ey.webp",file_52_UNKNOWN.webp
DAVV Incubation Centre (1).zip,file_53_application.zip
DAVV Incubation Centre.zip,file_54_application.zip
desktop.ini,file_55_UNKNOWN.ini
DOC-20250415-WA0000..pdf,file_56_application.pdf
Dragon-Center.zip,file_57_application.zip
drive-download-20240903T170121Z-001.zip,file_58_application.zip
E-Cell.pptx,file_59_application.pptx
ED CS A.pdf,file_60_application.pdf
Electrical Assignment (1).docx,file_61_application.docx
Electrical Assignment (1).pdf,file_62_application.pdf
Electrical Assignment (2).pdf,file_63_application.pdf
Electrical Assignment (3).pdf,file_64_application.pdf
Electrical Assignment (4) (1).pdf,file_65_application.pdf
Electrical Assignment (4) (2)-1 (1) (1).pdf,file_66_application.pdf
Electrical Assignment (4) (2)-1 (1).docx,file_67_application.docx
Electrical Assignment (4) (2)-1 (1).pdf,file_68_application.pdf
Electrical Assignment (4) (2)-1.docx,file_69_application.docx
Electrical Assignment (4) (2)-1.pdf,file_70_application.pdf
Electrical Assignment (4).pdf,file_71_application.pdf
Electrical Assignment (5).pdf,file_72_application.pdf
Electrical Assignment.docx,file_73_application.docx
Electrical Assignment.pdf,file_74_application.pdf
Emblem of ORION Technology (1).png,file_75_image.png
Emblem of ORION Technology.png,file_76_image.png
file-5zv61xhGamxtSQMguosijh-modified.png,file_77_image.png
file-5zv61xhGamxtSQMguosijh.webp,file_78_UNKNOWN.webp
Firefox Installer.exe,file_79_application.exe
first open cv video - Made with Clipchamp.mp4,file_80_video.mp4
FoxRenderfarm5.0_installer.exe,file_81_application.exe
gdgoc_logo-removebg-preview (1).png,file_82_image.png
gdgoc_logo-removebg-preview.png,file_83_image.png
Git-2.47.1-64-bit.exe,file_84_application.exe
google logo - Made with Clipchamp (1).mp4,file_85_video.mp4
google logo - Made with Clipchamp.mp4,file_86_video.mp4
Green Screen Dramatic Kitten Meme  Screaming Cat Meme.mp3,file_87_audio.mp3
Green-Screen-Dramatic-Kitten-M-unscreen.gif,file_88_image.gif
highres_images.zip,file_89_application.zip
ilovepdf_merged.pdf,file_90_application.pdf
ilovepdf_merged_merged.pdf,file_91_application.pdf
IMG-20241108-WA0011-modified.png,file_92_image.png
IMG-20241108-WA0011.jpg,file_93_image.jpg
IMG-20241130-WA0004-modified.png,file_94_image.png
IMG-20241130-WA0004.jpg,file_95_image.jpg
IMG-20241130-WA0006-modified.png,file_96_image.png
IMG-20241130-WA0006.jpg,file_97_image.jpg
IMG-20250224-WA0017.jpg,file_98_image.jpg
img1.jpg,file_99_image.jpg
invideo-ai-1080 Discover the Elusive Ghost Orchid! 2024-09-15.mp4,file_100_video.mp4
invideo-ai-1080 Meet the Adorable Leaf Sheep! 2024-09-22.mp4,file_101_video.mp4
invideo-ai-1080 Meet the Aye-Aye_ Madagascar's Night Pro 2024-09-16.mp4,file_102_video.mp4
invideo-ai-1080 Meet the Okapi_ Natures Hidden Gem! 2024-09-15.mp4,file_103_video.mp4
invideo-ai-1080 Meet Welwitschia_ The Desert Survivor! 2024-09-16 (1).mp4,file_104_video.mp4
invideo-ai-1080 Meet Welwitschia_ The Desert Survivor! 2024-09-16.mp4,file_105_video.mp4
invideo-ai-1080 Today's Hottest Tech Update!  2024-09-15.mp4,file_106_video.mp4
invideo-ai-1080 Today's Tech Update_ Must-Know News! 2024-09-15.mp4,file_107_video.mp4
invideo-ai-1080 Today's Tech Update_ Must-Watch! 2024-09-16.mp4,file_108_video.mp4
invideo-ai-1080 Today's Tech Update_ Must-Watch! 2024-09-17.mp4,file_109_video.mp4
invideo-ai-1080 Today's Tech Update_ What's New_ 2024-09-13 (1).mp4,file_110_video.mp4
invideo-ai-1080 Today's Tech Update_ What's New_ 2024-09-13.mp4,file_111_video.mp4
invideo-ai-1080 Top Tech News Today!  2024-09-10.mp4,file_112_video.mp4
jdk-24_windows-x64_bin.exe,file_113_application.exe
kinetic rush-20240831T120618Z-001.zip,file_114_application.zip
Krsh1-20240831T161115Z-001.zip,file_115_application.zip
leaf sheep - Made with Clipchamp (1).mp4,file_116_video.mp4
leaf sheep - Made with Clipchamp.mp4,file_117_video.mp4
LibreOffice_24.8.3_Win_x86-64.msi,file_118_UNKNOWN.msi
ltspice-24.1.4-installer.exe,file_119_application.exe
ltspice-24.1.4-installer_BZQG-Q1.exe,file_120_application.exe
LTspice64.msi,file_121_UNKNOWN.msi
message.txt,file_122_text.txt
mimiq - Made with Clipchamp.mp4,file_123_video.mp4
mingw-get-setup.exe,file_124_application.exe
mysql-installer-web-community-8.0.42.0.msi,file_125_UNKNOWN.msi
orion.PNG,file_126_image.PNG
Physics assignment .pdf,file_127_application.pdf
physics assignment rollno 49.pdf,file_128_application.pdf
physics assignment.pdf,file_129_application.pdf
physics assignment_compressed.pdf,file_130_application.pdf
Physics Experiments 1.pdf,file_131_application.pdf
Polinomial Linear Regression.ipynb,file_132_UNKNOWN.ipynb
Polinomial Linear Regression.zip,file_133_application.zip
Presentation1 (1).pptx,file_134_application.pptx
Presentation1 (2) (1).pptx,file_135_application.pptx
Presentation1 (2).pptx,file_136_application.pptx
Presentation1 (3).pptx,file_137_application.pptx
Presentation1 (4).pptx,file_138_application.pptx
Presentation1.pptx,file_139_application.pptx
python-3.12.5-amd64 (1).exe,file_140_application.exe
Raysync_Client_6.2.8.21-setup.exe,file_141_application.exe
Recruitment'24_Task1_Template[1][1]FINAL[1]_final[6].pptx,file_142_application.pptx
refrence vid-20250415T200119Z-001.zip,file_143_application.zip
Revised_AI_Developer_Syllabus.pdf,file_144_application.pdf
Screenrecorder-2024-11-06-18-57-08-761.mp4,file_145_video.mp4
Screenrecorder-2024-11-06-19-04-33-783.mp4,file_146_video.mp4
SNo-ComponentName-ImageReference.csv,file_147_application.csv
Team Name .pdf,file_148_application.pdf
The Chainsmokers - Don't Let Me Down (Lyrics) ft. Daya.mp3,file_149_audio.mp3
twilio_2FA_recovery_code.txt,file_150_text.txt
UnityHubSetup.exe,file_151_application.exe
Untitled 1-photoaidcom-cropped (1).png,file_152_image.png
Untitled design (1).png,file_153_image.png
Untitled design (2).png,file_154_image.png
Untitled design (3).png,file_155_image.png
Untitled design.jpg,file_156_image.jpg
Untitled design.png,file_157_image.png
Untitled video - Made with Clipchamp.mp4,file_158_video.mp4
VisualStudioSetup.exe,file_159_application.exe
VSCodeUserSetup-x64-1.92.2.exe,file_160_application.exe
VSCodeUserSetup-x64-1.99.3.exe,file_161_application.exe
WhatsApp Image 2025-04-21 at 2.43.45 PM.jpeg,file_162_image.jpeg
WhatsApp Image 2025-04-21 at 2.47.14 PM.jpeg,file_163_image.jpeg
WhatsApp Image 2025-05-04 at 6.03.31 PM (1).jpeg,file_164_image.jpeg
WhatsApp Image 2025-05-04 at 6.03.31 PM.jpeg,file_165_image.jpeg
WhatsApp Installer (1).exe,file_166_application.exe
WhatsApp Installer.exe,file_167_application.exe
winrar-x64-711.exe,file_168_application.exe
_Getintopc.com_SolidWorks_2023_SP0.1_Premium_Multilanguage.rar,file_169_application.rar
~$ectrical Assignment.docx,file_170_application.docx
