Job,Company,Location,Tags
Senior Python Backend Engineer,Orga AI,ğŸŒ Worldwide,
Svelte Developer,Green Stuff World,ğŸŒ Worldwide,
Principal Software Engineer,CEF.Ai,ğŸ‡ªğŸ‡º Europe,
WordPress Plugins & Themes developer,Melapress,ğŸ‡ªğŸ‡º Europe,
Software engineer,Sticker Mule,ğŸ’° $140k - $180k,
Web Developer,MailerLite,ğŸŒ Worldwide,
Senior Fullstack Developer,Swipe Games,ğŸŒ Worldwide,
Software Engineer Data Infrastructure & Acquisition,Speechify,ğŸŒ Worldwide,
Content Producer Technical Content Engineer Junior Dev,Private.Ki,ğŸŒ Worldwide,
Senior Full Stack Engineer,AMK Solutions,ğŸŒ Worldwide,
Backend Developer @ lobstr.io Python Scraping Celery,lobstr.io,ğŸŒ Worldwide,
Javascript Fullstack Engineer Senior,Lumenalta,ğŸŒ Worldwide,
Senior Software Engineer,ModelVault,ğŸŒ Worldwide,
Senior Backend Engineer,HockeyStack,ğŸŒ Worldwide,
Tech Cofounder CTO,Founders Factory,ğŸ‡ªğŸ‡º Europe,
Senior React Native SDK Engineer,Nami ML,ğŸŒ Worldwide,
Spanish Speaking Software Support Engineer,Payara,ğŸŒ Worldwide,
Administrative Executive,Prime Design & Build,ğŸ’ƒ Latin America,
Senior Software Engineer,Emergent Software,ğŸŒ Probably worldwide,
Full Stack Developer,Incyte Studios,ğŸ‡ºğŸ‡¸ United States,
